Workbook

Sheet cleaned_data
A1: Date | B1: Coal_RB_4800_FOB_London_Close_USD | C1: Coal_RB_5500_FOB_London_Close_USD | D1: Coal_RB_5700_FOB_London_Close_USD | E1: Coal_RB_6000_FOB_CurrentWeek_Avg_USD | F1: Coal_India_5500_CFR_London_Close_USD | G1: Price_WTI | H1: Price_Brent_Oil | I1: Price_Dubai_Brent_Oil | J1: Price_ExxonMobil | K1: Price_Shenhua | L1: Price_All_Share | M1: Price_Mining | N1: Price_LNG_Japan_Korea_Marker_PLATTS | O1: Price_ZAR_USD | P1: Price_Natural_Gas | Q1: Price_ICE | R1: Price_Dutch_TTF | S1: Price_Indian_en_exg_rate
A2: 43923 | B2: 41 | C2: 53.22 | D2: 64.7 | E2: 97.56 | F2: 60.5 | G2: 25.32 | H2: 29.94 | I2: 26.16 | J2: 40.4 | K2: 14.58 | L2: 45060.69 | M2: 35562.37 | N2: 2.86 | O2: 0.05411 | P2: 1.552 | Q2: 81.14 | R2: 6.935 | S2: 141.61603
A3: 43924 | B3: 40.34 | C3: 52.36 | D3: 63.1 | E3: 70.57 | F3: 62.03 | G3: 28.34 | H3: 34.11 | I3: 29.39 | J3: 39.21 | K3: 14.14 | L3: 44598.7 | M3: 35258.3 | N3: 2.845 | O3: 0.05245 | P3: 1.621 | Q3: 80.99 | R3: 6.92 | S3: 45.02
A4: 43927 | B4: 40.34 | C4: 52.36 | D4: 63.1 | E4: 70.57 | F4: 62.03 | G4: 26.08 | H4: 33.05 | I4: 27.45 | J4: 40.47 | K4: 14.26 | L4: 46240.35 | M4: 37032.31 | N4: 2.85 | O4: 0.05351 | P4: 1.731 | Q4: 84.43 | R4: 7.285 | S4: 141.61603
A5: 43928 | B5: 40.34 | C5: 52.36 | D5: 63.1 | E5: 70.57 | F5: 62.03 | G5: 23.63 | H5: 31.87 | I5: 26 | J5: 41.24 | K5: 14.46 | L5: 47496.72 | M5: 38362.12 | N5: 2.805 | O5: 0.05457 | P5: 1.852 | Q5: 82.3 | R5: 7.285 | S5: 48.32
A6: 43929 | B6: 40.34 | C6: 52.36 | D6: 63.1 | E6: 70.57 | F6: 62.03 | G6: 25.09 | H6: 32.84 | I6: 26.16 | J6: 43.85 | K6: 14.24 | L6: 46689.9 | M6: 37469.17 | N6: 2.81 | O6: 0.05493 | P6: 1.783 | Q6: 85.34 | R6: 7.26 | S6: 45.75
A7: 43930 | B7: 33.82 | C7: 43.58 | D7: 54.81 | E7: 59.57 | F7: 54.74 | G7: 22.76 | H7: 31.48 | I7: 23.26 | J7: 43.13 | K7: 14.16 | L7: 48011.56 | M7: 38905.32 | N7: 2.805 | O7: 0.05544 | P7: 1.733 | Q7: 87.38 | R7: 7.28 | S7: 48.33
A8: 43931 | B8: 87.953184 | C8: 113.35316 | D8: 134.97181 | E8: 144.35149 | F8: 123.75971 | G8: 72.345469 | H8: 76.28302 | I8: 74.752493 | J8: 80.871012 | K8: 21.274702 | L8: 68736.905 | M8: 52972.178 | N8: 17.622529 | O8: 0.05561 | P8: 3.6979991 | Q8: 112.75611 | R8: 57.384856 | S8: 141.61603
A9: 43934 | B9: 87.953184 | C9: 113.35316 | D9: 134.97181 | E9: 59.57 | F9: 123.75971 | G9: 22.41 | H9: 31.74 | I9: 24.74 | J9: 42.76 | K9: 21.274702 | L9: 68736.905 | M9: 52972.178 | N9: 2.805 | O9: 0.05516 | P9: 1.724 | Q9: 85.18 | R9: 7.28 | S9: 47.75
A10: 43935 | B10: 33.82 | C10: 43.58 | D10: 54.81 | E10: 59.57 | F10: 54.74 | G10: 20.11 | H10: 29.6 | I10: 21.96 | J10: 42.43 | K10: 14.36 | L10: 49874.51 | M10: 41941.82 | N10: 2.8 | O10: 0.05454 | P10: 1.65 | Q10: 87 | R10: 6.875 | S10: 141.61603
A11: 43936 | B11: 33.82 | C11: 43.58 | D11: 54.81 | E11: 59.57 | F11: 54.74 | G11: 19.87 | H11: 27.69 | I11: 21.46 | J11: 40.48 | K11: 14.12 | L11: 48301.28 | M11: 40023.44 | N11: 2.795 | O11: 0.05343 | P11: 1.598 | Q11: 86.25 | R11: 6.65 | S11: 49.25
A12: 43937 | B12: 33.82 | C12: 43.58 | D12: 54.81 | E12: 59.57 | F12: 54.74 | G12: 19.87 | H12: 27.82 | I12: 21.71 | J12: 39.15 | K12: 14.12 | L12: 48245.11 | M12: 39594 | N12: 2.47 | O12: 0.05293 | P12: 1.686 | Q12: 88.1 | R12: 6.905 | S12: 50.93
A13: 43938 | B13: 31.49 | C13: 38.44 | D13: 51.1 | E13: 51.7 | F13: 48.89 | G13: 18.27 | H13: 28.08 | I13: 22.23 | J13: 43.22 | K13: 14.24 | L13: 49134.65 | M13: 40768.62 | N13: 2.345 | O13: 0.05318 | P13: 1.753 | Q13: 90.4 | R13: 6.995 | S13: 51.75
... A1108: 45471 | B1108: 71.38 | C1108: 92.08 | D1108: 103.68 | E1108: 106.22 | F1108: 109.15 | G1108: 81.54 | H1108: 86.41 | I1108: 82.55 | J1108: 115.12 | K1108: 35.95 | L1108: 79707.11 | M1108: 51308.87 | N1108: 12.635 | O1108: 0.05495 | P1108: 2.601 | Q1108: 136.89 | R1108: 34.48 | S1108: 180.54

Sheet eda_summary
A1: Exploratory Data Analysis Summary
A2: Measure | B2: Coal_RB_4800_FOB_London_Close_USD | C2: Coal_RB_5500_FOB_London_Close_USD | D2: Coal_RB_5700_FOB_London_Close_USD | E2: Coal_RB_6000_FOB_CurrentWeek_Avg_USD | F2: Coal_India_5500_CFR_London_Close_USD | G2: Price_WTI | H2: Price_Brent_Oil | I2: Price_Dubai_Brent_Oil | J2: Price_ExxonMobil | K2: Price_Shenhua | L2: Price_All_Share | M2: Price_Mining | N2: Price_LNG_Japan_Korea_Marker_PLATTS | O2: Price_ZAR_USD | P2: Price_Natural_Gas | Q2: Price_ICE | R2: Price_Dutch_TTF | S2: Price_Indian_en_exg_rate
A3: Mean | B3: =AVERAGE(cleaned_data!B2:B1108) -> 87.953184 | C3: =AVERAGE(cleaned_data!C2:C1108) -> 113.35316 | D3: =AVERAGE(cleaned_data!D2:D1108) -> 134.97181 | E3: =AVERAGE(cleaned_data!E2:E1108) -> 144.35149 | F3: =AVERAGE(cleaned_data!F2:F1108) -> 123.75971 | G3: =AVERAGE(cleaned_data!G2:G1108) -> 72.345469 | H3: =AVERAGE(cleaned_data!H2:H1108) -> 76.28302 | I3: =AVERAGE(cleaned_data!I2:I1108) -> 74.752493 | ... S3: =AVERAGE(cleaned_data!S2:S1108) -> 141.61603
A4: Median | B4: =MEDIAN(cleaned_data!B2:B1108) -> 77.81 | C4: =MEDIAN(cleaned_data!C2:C1108) -> 97.28 | D4: =MEDIAN(cleaned_data!D2:D1108) -> 110.94 | E4: =MEDIAN(cleaned_data!E2:E1108) -> 115.63 | F4: =MEDIAN(cleaned_data!F2:F1108) -> 111.68 | G4: =MEDIAN(cleaned_data!G2:G1108) -> 75.57 | H4: =MEDIAN(cleaned_data!H2:H1108) -> 79.67 | I4: =MEDIAN(cleaned_data!I2:I1108) -> 78.18 | ... S4: =MEDIAN(cleaned_data!S2:S1108) -> 141.61603
A5: Mode | B5: =_xlfn.MODE.SNGL(cleaned_data!B2:B1108) -> 87.953184 | C5: =_xlfn.MODE.SNGL(cleaned_data!C2:C1108) -> 113.35316 | D5: =_xlfn.MODE.SNGL(cleaned_data!D2:D1108) -> 134.97181 | E5: =_xlfn.MODE.SNGL(cleaned_data!E2:E1108) -> 144.35149 | F5: =_xlfn.MODE.SNGL(cleaned_data!F2:F1108) -> 123.75971 | G5: =_xlfn.MODE.SNGL(cleaned_data!G2:G1108) -> 72.345469 | H5: =_xlfn.MODE.SNGL(cleaned_data!H2:H1108) -> 76.28302 | I5: =_xlfn.MODE.SNGL(cleaned_data!I2:I1108) -> 74.752493 | ... S5: =_xlfn.MODE.SNGL(cleaned_data!S2:S1108) -> 141.61603
A6: Variance | B6: =_xlfn.VAR.S(cleaned_data!B2:B1108) -> 2158.7152 | C6: =_xlfn.VAR.S(cleaned_data!C2:C1108) -> 3841.8677 | D6: =_xlfn.VAR.S(cleaned_data!D2:D1108) -> 5790.3286 | E6: =_xlfn.VAR.S(cleaned_data!E2:E1108) -> 6827.2879 | F6: =_xlfn.VAR.S(cleaned_data!F2:F1108) -> 3079.9173 | G6: =_xlfn.VAR.S(cleaned_data!G2:G1108) -> 421.51199 | H6: =_xlfn.VAR.S(cleaned_data!H2:H1108) -> 425.17922 | I6: =_xlfn.VAR.S(cleaned_data!I2:I1108) -> 405.28075 | ... S6: =_xlfn.VAR.S(cleaned_data!S2:S1108) -> 2772.8736
A7: Standard Derivation | B7: =_xlfn.STDEV.S(cleaned_data!B2:B1108) -> 46.461976 | C7: =_xlfn.STDEV.S(cleaned_data!C2:C1108) -> 61.982802 | D7: =_xlfn.STDEV.S(cleaned_data!D2:D1108) -> 76.094209 | E7: =_xlfn.STDEV.S(cleaned_data!E2:E1108) -> 82.627404 | F7: =_xlfn.STDEV.S(cleaned_data!F2:F1108) -> 55.497003 | G7: =_xlfn.STDEV.S(cleaned_data!G2:G1108) -> 20.530757 | H7: =_xlfn.STDEV.S(cleaned_data!H2:H1108) -> 20.619874 | I7: =_xlfn.STDEV.S(cleaned_data!I2:I1108) -> 20.131586 | ... S7: =_xlfn.STDEV.S(cleaned_data!S2:S1108) -> 52.658082
A8: Skewness | B8: =SKEW(cleaned_data!B2:B1108) -> 1.3365136 | C8: =SKEW(cleaned_data!C2:C1108) -> 1.2832731 | D8: =SKEW(cleaned_data!D2:D1108) -> 1.3011226 | E8: =SKEW(cleaned_data!E2:E1108) -> 1.2828488 | F8: =SKEW(cleaned_data!F2:F1108) -> 0.87783136 | G8: =SKEW(cleaned_data!G2:G1108) -> -0.53829192 | H8: =SKEW(cleaned_data!H2:H1108) -> -0.43177869 | I8: =SKEW(cleaned_data!I2:I1108) -> -0.57043914 | ... S8: =SKEW(cleaned_data!S2:S1108) -> 0.38173782
A9: Kurtosis | B9: =KURT(cleaned_data!B2:B1108) -> 2.3030511 | C9: =KURT(cleaned_data!C2:C1108) -> 1.2779391 | D9: =KURT(cleaned_data!D2:D1108) -> 0.95095593 | E9: =KURT(cleaned_data!E2:E1108) -> 0.79649891 | F9: =KURT(cleaned_data!F2:F1108) -> 0.29208218 | G9: =KURT(cleaned_data!G2:G1108) -> 0.83600286 | H9: =KURT(cleaned_data!H2:H1108) -> 0.0052527987 | I9: =KURT(cleaned_data!I2:I1108) -> 0.07290581 | ... S9: =KURT(cleaned_data!S2:S1108) -> 0.075783137
